name,email,phone,linkedin_url
test,test@test.com,9999999999,linkedin.com/test
test1,test1@test.com,9999999990,linkedin.com/test
test2,test2@test.com,9999999991,linkedin.com/test
test3,test3@test.com,9999999992,linkedin.com/test
test4,test4@test.com,9999999993,linkedin.com/test
test5,test5@test.com,9999999994,linkedin.com/test
test6,test6@test.com,9999999995,linkedin.com/test
test7,test7@test.com,9999999996,linkedin.com/test
test8,test8@test.com,9999999997,linkedin.com/test
test9,test9@test.com,9999999998,linkedin.com/test
test10,test10@test.com,999999900,linkedin.com/test
test11,test11@test.com,9999999901,linkedin.com/test